0.1,-0.005922
0.2,-0.005948
0.3,-0.005966
0.4,-0.005992
0.5,-0.006007
0.6,-0.006029
0.7,-0.006044
0.8,-0.006061
0.9,-0.006077
1,-0.006087
1.1,-0.006106
1.2,-0.006114
1.3,-0.006132
1.4,-0.006139
1.5,-0.006153
1.6,-0.006163
1.7,-0.006171
1.8,-0.006184
1.9,-0.006188
2,-0.006203
2.1,-0.006207
2.2,-0.00622
2.3,-0.006224
2.4,-0.006233
2.5,-0.006241
2.6,-0.006243
2.7,-0.006256
2.8,-0.006256
2.9,-0.006269
3,-0.006271
3.1,-0.00628
3.2,-0.006285
3.3,-0.006287
3.4,-0.006297
3.5,-0.006295
3.6,-0.006307
3.7,-0.006306
3.8,-0.006315
3.9,-0.006318
4,-0.006321
4.1,-0.006328
4.2,-0.006327
4.3,-0.006336
4.4,-0.006333
4.5,-0.006342
4.6,-0.006342
4.7,-0.006347
4.8,-0.006351
4.9,-0.006349
5,-0.006358
5.1,-0.006356
5.2,-0.006364
5.3,-0.006362
5.4,-0.006368
5.5,-0.006369
5.6,-0.00637
5.7,-0.006376
5.8,-0.006372
5.9,-0.006381
6,-0.006378
6.1,-0.006384
6.2,-0.006382
6.3,-0.006385
6.4,-0.006388
6.5,-0.006387
6.6,-0.006395
6.7,-0.006392
6.8,-0.006399
6.9,-0.006398
7,-0.006401
7.1,-0.006402
7.2,-0.006401
7.3,-0.006407
7.4,-0.006403
7.5,-0.00641
7.6,-0.006407
7.7,-0.006412
7.8,-0.006411
7.9,-0.006412
8,-0.006415
8.1,-0.006411
8.2,-0.006418
8.3,-0.006414
8.4,-0.00642
8.5,-0.006418
8.6,-0.006421
8.7,-0.006422
8.8,-0.006419
8.9,-0.006425
9,-0.00642
9.1,-0.006427
9.2,-0.006422
9.3,-0.006426
9.4,-0.006426
9.5,-0.006425
9.6,-0.006429
9.7,-0.006425
9.8,-0.006431
9.9,-0.006427
10,-0.006433
10.1,-0.00643
10.2,-0.006432
10.3,-0.006434
10.4,-0.00643
10.5,-0.006437
10.6,-0.006431
10.7,-0.006437
10.8,-0.006433
10.9,-0.006436
11,-0.006437
11.1,-0.006434
11.2,-0.006439
11.3,-0.006434
11.4,-0.006441
11.5,-0.006435
11.6,-0.00644
11.7,-0.006438
11.8,-0.006438
11.9,-0.006441
12,-0.006436
12.1,-0.006443
12.2,-0.006437
12.3,-0.006443
12.4,-0.006439
12.5,-0.006441
12.6,-0.006441
12.7,-0.006438
12.8,-0.006444
12.9,-0.006439
13,-0.006446
13.1,-0.006441
13.2,-0.006444
13.3,-0.006442
13.4,-0.006441
13.5,-0.006445
13.6,-0.006441
13.7,-0.006447
13.8,-0.006442
13.9,-0.006447
14,-0.006444
14.1,-0.006445
14.2,-0.006446
14.3,-0.006443
14.4,-0.006448
14.5,-0.006444
14.6,-0.006449
14.7,-0.006445
14.8,-0.006448
14.9,-0.006446
15,-0.006444
15.1,-0.006448
15.2,-0.006444
15.3,-0.006451
15.4,-0.006446
15.5,-0.006451
15.6,-0.006449
15.7,-0.006448
15.8,-0.006451
15.9,-0.006446
16,-0.006452
16.1,-0.006447
16.2,-0.006452
16.3,-0.006449
16.4,-0.006452
16.5,-0.006452
16.6,-0.006449
16.7,-0.006454
16.8,-0.006448
16.9,-0.006454
17,-0.006451
17.1,-0.006454
17.2,-0.006454
17.3,-0.006452
17.4,-0.006456
17.5,-0.006451
17.6,-0.006457
17.7,-0.006452
17.8,-0.006456
17.9,-0.006453
18,-0.006455
18.1,-0.006456
18.2,-0.006452
18.3,-0.006458
18.4,-0.006452
18.5,-0.006457
18.6,-0.006453
18.7,-0.006455
18.8,-0.006455
18.9,-0.006452
19,-0.006457
19.1,-0.006453
19.2,-0.006461
19.3,-0.006455
19.4,-0.00646
19.5,-0.006457
19.6,-0.006459
19.7,-0.006461
19.8,-0.006457
19.9,-0.006462
20,-0.006459
20.1,-0.006463
20.2,-0.006458
20.3,-0.006459
20.4,-0.006459
20.5,-0.006457
20.6,-0.006462
20.7,-0.006457
20.8,-0.006463
20.9,-0.006458
21,-0.006461
21.1,-0.006459
21.2,-0.006459
21.3,-0.006462
21.4,-0.006457
21.5,-0.006463
21.6,-0.006459
21.7,-0.006463
21.8,-0.006459
21.9,-0.00646
22,-0.006461
22.1,-0.006458
22.2,-0.006463
22.3,-0.006458
22.4,-0.006464
22.5,-0.006458
22.6,-0.006461
22.7,-0.00646
22.8,-0.006457
22.9,-0.006461
23,-0.006457
23.1,-0.006463
23.2,-0.006459
23.3,-0.006463
23.4,-0.00646
23.5,-0.006459
23.6,-0.006461
23.7,-0.006456
23.8,-0.006462
23.9,-0.006457
24,-0.006462
24.1,-0.006459
24.2,-0.006461
24.3,-0.006462
24.4,-0.006458
24.5,-0.006463
24.6,-0.006457
24.7,-0.006463
24.8,-0.006459
24.9,-0.006463
25,-0.006462
25.1,-0.00646
25.2,-0.006464
25.3,-0.006459
25.4,-0.006464
25.5,-0.006459
25.6,-0.006463
25.7,-0.006462
25.8,-0.006462
25.9,-0.006464
26,-0.006461
26.1,-0.006465
26.2,-0.006461
26.3,-0.006465
26.4,-0.006461
26.5,-0.006464
26.6,-0.006463
26.7,-0.006462
26.8,-0.006466
26.9,-0.006461
27,-0.006466
27.1,-0.00646
27.2,-0.006464
27.3,-0.006462
27.4,-0.006462
27.5,-0.006465
27.6,-0.006461
27.7,-0.006467
27.8,-0.006462
27.9,-0.006465
28,-0.006462
28.1,-0.006463
28.2,-0.006463
28.3,-0.00646
28.4,-0.006466
28.5,-0.006461
28.6,-0.006467
28.7,-0.006462
28.8,-0.006464
28.9,-0.006463
29,-0.006461
29.1,-0.006465
29.2,-0.00646
29.3,-0.006466
29.4,-0.006463
29.5,-0.006467
29.6,-0.006464
29.7,-0.006463
29.8,-0.006463
29.9,-0.006461
30,-0.006466
30.1,-0.006463
30.2,-0.006467
30.3,-0.006464
30.4,-0.006466
30.5,-0.006464
30.6,-0.006462
30.7,-0.006465
30.8,-0.006461
30.9,-0.006468
31,-0.006463
31.1,-0.006467
31.2,-0.006465
31.3,-0.006463
31.4,-0.006464
31.5,-0.00646
31.6,-0.006466
31.7,-0.006462
31.8,-0.006467
31.9,-0.006464
32,-0.006465
32.1,-0.006465
32.2,-0.006461
32.3,-0.006465
32.4,-0.00646
32.5,-0.006466
32.6,-0.006461
32.7,-0.006465
32.8,-0.006464
32.9,-0.006461
33,-0.006465
33.1,-0.006459
33.2,-0.006464
33.3,-0.00646
33.4,-0.006465
33.5,-0.006462
33.6,-0.006463
33.7,-0.006464
33.8,-0.006459
33.9,-0.006464
34,-0.006458
34.1,-0.006464
34.2,-0.006461
34.3,-0.006463
34.4,-0.006463
34.5,-0.00646
34.6,-0.006463
34.7,-0.006457
34.8,-0.006462
34.9,-0.006457
35,-0.006461
35.1,-0.006457
35.2,-0.006451
35.3,-0.006448
35.4,-0.00644
35.5,-0.006444
35.6,-0.006433
35.7,-0.006432
35.8,-0.006428
35.9,-0.006415
36,-0.006393
36.1,-0.006386
36.2,-0.006405
36.3,-0.006418
36.4,-0.006442
36.5,-0.006452
36.6,-0.006464
36.7,-0.006469
36.8,-0.006468
36.9,-0.006473
37,-0.006472
37.1,-0.006481
37.2,-0.006479
37.3,-0.006483
37.4,-0.00648
37.5,-0.006479
37.6,-0.00648
37.7,-0.006475
37.8,-0.006473
37.9,-0.006467
38,-0.006471
38.1,-0.006466
38.2,-0.006468
38.3,-0.006475
38.4,-0.00648
38.5,-0.006485
38.6,-0.006479
38.7,-0.006483
38.8,-0.006477
38.9,-0.006469
39,-0.00645
39.1,-0.006437
39.2,-0.00645
39.3,-0.006449
39.4,-0.006453
39.5,-0.006446
39.6,-0.006437
39.7,-0.006419
39.8,-0.006411
39.9,-0.006418
40,-0.006442
40.1,-0.006463
40.2,-0.006452
40.3,-0.006447
40.4,-0.00643
40.5,-0.006427
40.6,-0.006437
40.7,-0.006453
40.8,-0.006474
40.9,-0.006468
41,-0.006441
41.1,-0.006394
41.2,-0.00637
41.3,-0.006365
41.4,-0.006357
41.5,-0.006348
41.6,-0.006331
41.7,-0.006324
41.8,-0.006318
41.9,-0.006318
42,-0.006308
42.1,-0.006305
42.2,-0.006294
42.3,-0.00628
42.4,-0.006277
42.5,-0.006267
42.6,-0.006267
42.7,-0.00626
42.8,-0.006258
42.9,-0.006253
43,-0.006251
43.1,-0.006246
43.2,-0.006217
43.3,-0.00619
43.4,-0.006162
43.5,-0.006148
43.6,-0.006128
43.7,-0.006106
43.8,-0.006075
43.9,-0.006037
44,-0.00601
44.1,-0.005983
44.2,-0.005963
44.3,-0.00594
44.4,-0.005932
44.5,-0.005917
44.6,-0.005894
44.7,-0.005882
44.8,-0.005871
44.9,-0.005874
45,-0.005878
45.1,-0.005887
45.2,-0.005882
45.3,-0.005878
45.4,-0.005874
45.5,-0.005866
45.6,-0.005867
45.7,-0.005858
45.8,-0.005844
45.9,-0.005827
46,-0.005813
46.1,-0.005801
46.2,-0.005785
46.3,-0.005761
46.4,-0.005714
46.5,-0.00568
46.6,-0.005663
46.7,-0.005658
46.8,-0.005649
46.9,-0.005638
47,-0.005624
47.1,-0.005599
47.2,-0.005577
47.3,-0.00555
47.4,-0.005532
47.5,-0.005524
47.6,-0.005532
47.7,-0.005545
47.8,-0.005547
47.9,-0.005547
48,-0.005545
48.1,-0.005549
48.2,-0.005534
48.3,-0.00552
48.4,-0.005505
48.5,-0.005496
48.6,-0.005484
48.7,-0.005457
48.8,-0.005424
48.9,-0.005389
49,-0.005371
49.1,-0.00535
49.2,-0.005334
49.3,-0.005324
49.4,-0.005309
49.5,-0.005294
49.6,-0.005277
49.7,-0.00527
49.8,-0.005258
49.9,-0.005248
50,-0.005227
50.1,-0.005203
50.2,-0.005192
50.3,-0.00518
50.4,-0.005176
50.5,-0.005169
50.6,-0.005166
50.7,-0.005157
50.8,-0.005152
50.9,-0.005146
51,-0.005134
51.1,-0.00514
51.2,-0.005149
51.3,-0.005163
51.4,-0.005162
51.5,-0.005154
51.6,-0.005135
51.7,-0.005124
51.8,-0.005127
51.9,-0.005125
52,-0.00512
52.1,-0.005105
52.2,-0.005089
52.3,-0.005072
52.4,-0.00506
52.5,-0.005056
52.6,-0.00505
52.7,-0.005046
52.8,-0.005029
52.9,-0.005025
53,-0.005024
53.1,-0.005025
53.2,-0.005027
53.3,-0.005023
53.4,-0.005028
53.5,-0.005024
53.6,-0.00503
53.7,-0.005029
53.8,-0.005026
53.9,-0.005019
54,-0.005018
54.1,-0.005025
54.2,-0.005023
54.3,-0.005026
54.4,-0.005022
54.5,-0.005024
54.6,-0.005024
54.7,-0.005022
54.8,-0.005021
54.9,-0.005017
55,-0.00502
55.1,-0.005015
55.2,-0.005018
55.3,-0.005015
55.4,-0.005011
55.5,-0.005043
55.6,-0.005074
55.7,-0.005071
55.8,-0.00505
55.9,-0.005036
56,-0.005021
56.1,-0.005016
56.2,-0.00501
56.3,-0.005002
56.4,-0.004999
56.5,-0.004992
56.6,-0.004995
56.7,-0.00499
56.8,-0.004992
56.9,-0.004985
57,-0.004979
57.1,-0.004975
57.2,-0.004972
57.3,-0.004979
57.4,-0.004979
57.5,-0.004982
57.6,-0.004976
57.7,-0.004975
57.8,-0.004966
57.9,-0.004952
58,-0.004951
58.1,-0.004947
58.2,-0.004953
58.3,-0.004951
58.4,-0.004954
58.5,-0.004952
58.6,-0.00495
58.7,-0.004951
58.8,-0.004948
58.9,-0.004951
59,-0.004948
59.1,-0.004949
59.2,-0.004945
59.3,-0.004947
59.4,-0.004947
59.5,-0.004945
59.6,-0.004946
59.7,-0.004937
59.8,-0.004937
59.9,-0.004933
60,-0.004935
60.1,-0.004934
60.2,-0.004931
60.3,-0.004931
60.4,-0.004925
60.5,-0.004928
60.6,-0.004923
60.7,-0.004923
60.8,-0.004921
60.9,-0.004922
61,-0.004924
61.1,-0.004922
61.2,-0.004926
61.3,-0.004921
61.4,-0.004922
61.5,-0.004919
61.6,-0.004921
61.7,-0.004921
61.8,-0.004918
61.9,-0.004917
62,-0.004911
62.1,-0.004915
62.2,-0.004916
62.3,-0.004942
62.4,-0.004947
62.5,-0.004937
62.6,-0.00493
62.7,-0.00492
62.8,-0.004918
62.9,-0.004913
63,-0.004914
63.1,-0.004912
63.2,-0.004913
63.3,-0.004916
63.4,-0.004935
63.5,-0.00495
63.6,-0.004938
63.7,-0.00493
63.8,-0.004917
63.9,-0.004914
64,-0.004945
64.1,-0.005022
64.2,-0.005003
64.3,-0.004943
64.4,-0.004914
64.5,-0.004896
64.6,-0.00489
64.7,-0.004887
64.8,-0.004887
64.9,-0.004888
65,-0.004887
65.1,-0.004893
65.2,-0.004892
65.3,-0.004894
65.4,-0.004892
65.5,-0.004894
65.6,-0.004895
65.7,-0.004892
65.8,-0.004895
65.9,-0.004892
66,-0.004896
66.1,-0.004892
66.2,-0.004892
66.3,-0.00489
66.4,-0.004886
66.5,-0.004889
66.6,-0.004886
66.7,-0.00489
66.8,-0.004888
66.9,-0.004893
67,-0.004892
67.1,-0.004892
67.2,-0.004893
67.3,-0.004893
67.4,-0.00491
67.5,-0.004912
67.6,-0.004913
67.7,-0.004906
67.8,-0.004905
67.9,-0.004901
68,-0.004895
68.1,-0.004896
68.2,-0.004893
68.3,-0.004898
68.4,-0.004896
68.5,-0.004897
68.6,-0.004896
68.7,-0.0049
68.8,-0.004917
68.9,-0.004911
69,-0.004908
69.1,-0.004904
69.2,-0.004906
69.3,-0.004901
69.4,-0.004898
69.5,-0.004896
69.6,-0.004892
69.7,-0.004919
69.8,-0.004951
69.9,-0.004927
70,-0.004901
70.1,-0.004892
70.2,-0.004886
70.3,-0.004881
70.4,-0.004883
70.5,-0.004881
70.6,-0.004887
70.7,-0.004885
70.8,-0.004887
70.9,-0.004886
71,-0.004885
71.1,-0.004887
71.2,-0.004883
71.3,-0.004887
71.4,-0.004892
71.5,-0.004926
71.6,-0.004924
71.7,-0.004913
71.8,-0.004903
71.9,-0.004892
72,-0.00489
72.1,-0.004882
72.2,-0.004885
72.3,-0.00488
72.4,-0.004881
72.5,-0.00488
72.6,-0.004879
72.7,-0.004882
72.8,-0.004896
72.9,-0.004897
73,-0.004885
73.1,-0.004883
73.2,-0.004878
73.3,-0.004876
73.4,-0.004876
73.5,-0.004873
73.6,-0.004877
73.7,-0.004873
73.8,-0.004879
73.9,-0.004876
74,-0.004879
74.1,-0.004878
74.2,-0.004876
74.3,-0.004879
74.4,-0.004877
74.5,-0.004882
74.6,-0.004878
74.7,-0.00488
74.8,-0.004877
74.9,-0.004877
75,-0.004878
75.1,-0.004875
75.2,-0.004879
75.3,-0.004875
75.4,-0.004878
75.5,-0.004875
75.6,-0.004876
75.7,-0.004876
75.8,-0.004874
75.9,-0.004877
76,-0.004875
76.1,-0.004884
76.2,-0.004884
76.3,-0.004887
76.4,-0.004884
76.5,-0.004881
76.6,-0.004881
76.7,-0.004876
76.8,-0.004878
76.9,-0.004875
77,-0.004876
77.1,-0.004874
77.2,-0.004875
77.3,-0.004875
77.4,-0.004872
77.5,-0.004875
77.6,-0.004871
77.7,-0.004873
77.8,-0.004871
77.9,-0.004873
78,-0.004871
78.1,-0.004869
78.2,-0.004872
78.3,-0.004868
78.4,-0.004872
78.5,-0.004869
78.6,-0.004871
78.7,-0.00487
78.8,-0.004871
78.9,-0.004872
79,-0.004869
79.1,-0.004872
79.2,-0.004869
79.3,-0.004871
79.4,-0.004868
79.5,-0.00487
79.6,-0.004868
79.7,-0.004865
79.8,-0.004868
79.9,-0.004864
80,-0.004869
80.1,-0.004866
80.2,-0.004868
80.3,-0.004867
80.4,-0.004866
80.5,-0.004867
80.6,-0.004862
80.7,-0.004866
80.8,-0.004862
80.9,-0.004867
81,-0.004865
81.1,-0.004867
81.2,-0.004869
81.3,-0.004866
81.4,-0.00487
81.5,-0.004865
81.6,-0.004869
81.7,-0.004866
81.8,-0.004868
81.9,-0.004864
82,-0.004861
82.1,-0.004865
82.2,-0.004863
82.3,-0.004869
82.4,-0.004866
82.5,-0.004869
82.6,-0.004867
82.7,-0.004867
82.8,-0.004868
82.9,-0.004865
83,-0.00487
83.1,-0.004868
83.2,-0.004872
83.3,-0.004868
83.4,-0.00487
83.5,-0.004868
83.6,-0.004865
83.7,-0.004869
83.8,-0.004865
83.9,-0.004869
84,-0.004865
84.1,-0.004867
84.2,-0.004866
84.3,-0.004864
84.4,-0.004866
84.5,-0.004862
84.6,-0.004866
84.7,-0.004863
84.8,-0.004867
84.9,-0.004864
85,-0.004866
85.1,-0.004865
85.2,-0.004862
85.3,-0.004866
85.4,-0.004861
85.5,-0.004865
85.6,-0.004861
85.7,-0.004863
85.8,-0.004863
85.9,-0.004861
86,-0.004864
86.1,-0.00486
86.2,-0.004866
86.3,-0.004863
86.4,-0.004866
86.5,-0.004865
86.6,-0.004864
86.7,-0.004865
86.8,-0.004861
86.9,-0.004864
87,-0.00486
87.1,-0.004863
87.2,-0.00486
87.3,-0.004861
87.4,-0.004862
87.5,-0.004858
87.6,-0.004861
87.7,-0.004857
87.8,-0.004865
87.9,-0.004882
88,-0.004888
88.1,-0.004881
88.2,-0.004873
88.3,-0.004869
88.4,-0.004862
88.5,-0.004864
88.6,-0.00486
88.7,-0.004862
88.8,-0.004859
88.9,-0.004859
89,-0.00486
89.1,-0.004856
89.2,-0.00486
89.3,-0.004856
89.4,-0.004859
89.5,-0.004855
89.6,-0.004855
89.7,-0.004853
89.8,-0.00485
89.9,-0.004853
90,-0.00485
90.1,-0.004854
90.2,-0.004851
90.3,-0.004855
90.4,-0.004853
90.5,-0.004864
90.6,-0.004889
90.7,-0.004881
90.8,-0.004875
90.9,-0.004863
91,-0.004862
91.1,-0.004856
91.2,-0.004857
91.3,-0.004857
91.4,-0.004854
91.5,-0.004891
91.6,-0.004918
91.7,-0.004906
91.8,-0.004883
91.9,-0.004871
92,-0.004861
92.1,-0.004854
92.2,-0.004853
92.3,-0.004847
92.4,-0.00485
92.5,-0.004844
92.6,-0.004848
92.7,-0.004845
92.8,-0.004848
92.9,-0.00485
93,-0.004847
93.1,-0.004851
93.2,-0.004847
93.3,-0.004851
93.4,-0.004848
93.5,-0.004851
93.6,-0.004851
93.7,-0.004848
93.8,-0.004852
93.9,-0.004847
94,-0.004852
94.1,-0.004847
94.2,-0.00485
94.3,-0.004848
94.4,-0.004847
94.5,-0.004848
94.6,-0.004845
94.7,-0.004849
94.8,-0.004847
94.9,-0.00485
95,-0.004847
95.1,-0.004848
95.2,-0.004848
95.3,-0.004845
95.4,-0.00485
95.5,-0.004849
95.6,-0.004889
95.7,-0.004896
95.8,-0.004884
95.9,-0.004869
96,-0.004857
96.1,-0.004853
96.2,-0.004845
96.3,-0.004848
96.4,-0.004844
96.5,-0.004846
96.6,-0.004843
96.7,-0.004844
96.8,-0.004845
96.9,-0.004841
97,-0.004846
97.1,-0.004842
97.2,-0.004847
97.3,-0.004846
97.4,-0.004883
97.5,-0.0049
97.6,-0.004882
97.7,-0.00487
97.8,-0.004854
97.9,-0.004852
98,-0.004844
98.1,-0.004846
98.2,-0.004843
98.3,-0.004842
98.4,-0.004842
98.5,-0.004839
98.6,-0.004842
98.7,-0.004839
98.8,-0.004843
98.9,-0.00484
99,-0.004843
99.1,-0.004842
99.2,-0.00484
99.3,-0.004844
99.4,-0.004841
99.5,-0.004845
99.6,-0.004842
99.7,-0.004846
99.8,-0.004845
99.9,-0.004845
100,-0.004847
100.1,-0.004845
100.2,-0.004848
100.3,-0.004844
100.4,-0.004847
100.5,-0.004845
100.6,-0.00485
100.7,-0.004856
100.8,-0.004854
100.9,-0.004856
101,-0.00485
101.1,-0.004853
101.2,-0.00485
101.3,-0.004852
101.4,-0.00485
101.5,-0.00485
101.6,-0.004863
101.7,-0.00486
101.8,-0.004859
101.9,-0.004852
102,-0.004852
102.1,-0.004849
102.2,-0.004849
102.3,-0.004849
102.4,-0.004846
102.5,-0.00485
102.6,-0.004847
102.7,-0.004851
102.8,-0.004848
102.9,-0.004849
103,-0.004849
103.1,-0.004848
103.2,-0.00485
103.3,-0.004847
103.4,-0.004852
103.5,-0.004848
103.6,-0.004851
103.7,-0.004849
103.8,-0.004848
103.9,-0.004849
104,-0.004847
104.1,-0.00485
104.2,-0.004847
104.3,-0.004851
104.4,-0.004847
104.5,-0.004848
104.6,-0.004848
104.7,-0.004846
104.8,-0.00485
104.9,-0.004847
105,-0.00485
105.1,-0.004848
105.2,-0.004851
105.3,-0.004849
105.4,-0.004847
105.5,-0.004849
105.6,-0.004846
105.7,-0.00485
105.8,-0.004847
105.9,-0.004851
106,-0.004848
106.1,-0.004849
106.2,-0.00485
106.3,-0.004847
106.4,-0.00485
106.5,-0.004846
106.6,-0.00485
106.7,-0.004847
106.8,-0.004848
106.9,-0.004848
107,-0.004847
107.1,-0.004849
107.2,-0.004846
107.3,-0.004849
107.4,-0.004846
107.5,-0.004848
107.6,-0.004847
107.7,-0.004847
107.8,-0.004848
107.9,-0.004844
108,-0.004848
108.1,-0.004844
108.2,-0.004848
108.3,-0.004845
108.4,-0.004846
108.5,-0.004845
108.6,-0.004843
108.7,-0.004847
108.8,-0.004845
108.9,-0.004848
109,-0.004844
109.1,-0.004848
109.2,-0.004846
109.3,-0.004844
109.4,-0.004846
109.5,-0.004844
109.6,-0.004848
109.7,-0.004845
109.8,-0.004848
109.9,-0.004844
110,-0.004846
110.1,-0.004846
110.2,-0.004843
110.3,-0.004846
110.4,-0.004844
110.5,-0.004848
110.6,-0.004845
110.7,-0.004848
110.8,-0.004846
110.9,-0.004844
111,-0.004847
111.1,-0.004845
111.2,-0.00485
111.3,-0.004848
111.4,-0.00485
111.5,-0.004848
111.6,-0.004846
111.7,-0.004848
111.8,-0.004844
111.9,-0.004848
112,-0.004844
112.1,-0.004847
112.2,-0.004845
112.3,-0.004846
112.4,-0.004847
112.5,-0.004844
112.6,-0.004847
112.7,-0.004842
112.8,-0.004847
112.9,-0.004843
113,-0.004845
113.1,-0.004842
113.2,-0.004838
113.3,-0.004838
113.4,-0.004833
113.5,-0.004838
113.6,-0.004837
113.7,-0.004841
113.8,-0.00484
113.9,-0.004842
114,-0.004844
114.1,-0.004841
114.2,-0.004844
114.3,-0.004839
114.4,-0.004843
114.5,-0.00484
114.6,-0.004842
114.7,-0.004842
114.8,-0.004841
114.9,-0.004844
115,-0.004841
115.1,-0.004846
115.2,-0.004842
115.3,-0.004845
115.4,-0.004842
115.5,-0.004842
115.6,-0.004844
115.7,-0.004841
115.8,-0.004845
115.9,-0.004842
116,-0.004846
116.1,-0.004842
116.2,-0.004845
116.3,-0.004844
116.4,-0.004841
116.5,-0.004845
116.6,-0.004842
116.7,-0.004845
116.8,-0.004842
116.9,-0.004844
117,-0.004842
117.1,-0.004841
117.2,-0.004844
117.3,-0.00484
117.4,-0.004845
117.5,-0.004842
117.6,-0.004846
117.7,-0.004844
117.8,-0.004845
117.9,-0.004846
118,-0.004843
118.1,-0.004846
118.2,-0.004842
118.3,-0.004847
118.4,-0.004847
118.5,-0.004856
118.6,-0.004893
118.7,-0.004894
118.8,-0.004881
118.9,-0.004863
119,-0.004857
119.1,-0.004847
119.2,-0.004846
119.3,-0.004842
119.4,-0.00484
119.5,-0.004841
119.6,-0.004838
119.7,-0.004842
119.8,-0.004838
119.9,-0.004841
120,-0.004838
120.1,-0.004839
120.2,-0.00484
120.3,-0.004836
120.4,-0.004841
120.5,-0.004836
120.6,-0.00484
120.7,-0.004838
120.8,-0.00484
120.9,-0.004839
121,-0.004838
121.1,-0.004842
121.2,-0.004839
121.3,-0.004843
121.4,-0.00484
121.5,-0.004843
121.6,-0.004841
121.7,-0.004842
121.8,-0.004841
121.9,-0.004837
122,-0.004842
122.1,-0.004838
122.2,-0.004844
122.3,-0.00484
122.4,-0.004842
122.5,-0.004842
122.6,-0.004839
122.7,-0.004843
122.8,-0.004837
122.9,-0.004842
123,-0.004839
123.1,-0.004843
123.2,-0.00484
123.3,-0.00484
123.4,-0.004842
123.5,-0.004837
123.6,-0.004843
123.7,-0.004837
123.8,-0.004841
123.9,-0.004839
124,-0.004841
124.1,-0.004841
124.2,-0.004838
124.3,-0.004842
124.4,-0.004838
124.5,-0.004844
124.6,-0.004841
124.7,-0.004843
124.8,-0.004841
124.9,-0.00484
125,-0.004843
125.1,-0.004839
125.2,-0.004843
125.3,-0.004839
125.4,-0.004842
125.5,-0.00484
125.6,-0.00484
125.7,-0.004841
125.8,-0.004836
125.9,-0.004841
126,-0.004837
126.1,-0.00484
126.2,-0.004836
126.3,-0.00484
126.4,-0.004841
126.5,-0.004839
126.6,-0.004844
126.7,-0.00484
126.8,-0.004844
126.9,-0.00484
127,-0.004841
127.1,-0.004838
127.2,-0.004837
127.3,-0.00484
127.4,-0.004836
127.5,-0.004841
127.6,-0.004837
127.7,-0.004841
127.8,-0.004839
127.9,-0.004839
128,-0.00484
128.1,-0.004837
128.2,-0.004841
128.3,-0.004837
128.4,-0.004842
128.5,-0.004839
128.6,-0.00484
128.7,-0.004837
128.8,-0.004837
128.9,-0.00484
129,-0.004835
129.1,-0.004841
129.2,-0.004836
129.3,-0.00484
129.4,-0.004838
129.5,-0.004838
129.6,-0.004838
129.7,-0.004833
129.8,-0.00484
129.9,-0.004836
130,-0.004841
130.1,-0.004837
130.2,-0.004839
130.3,-0.004837
130.4,-0.004834
130.5,-0.004839
130.6,-0.004834
130.7,-0.00484
130.8,-0.004836
130.9,-0.00484
131,-0.004838
131.1,-0.004837
131.2,-0.004839
131.3,-0.004835
131.4,-0.00484
131.5,-0.004835
131.6,-0.00484
131.7,-0.004836
131.8,-0.004838
131.9,-0.004837
132,-0.004835
132.1,-0.004839
132.2,-0.004834
132.3,-0.004838
132.4,-0.004836
132.5,-0.00484
132.6,-0.004839
132.7,-0.004837
132.8,-0.004841
132.9,-0.004837
133,-0.004841
133.1,-0.004835
133.2,-0.00484
133.3,-0.004838
133.4,-0.004839
133.5,-0.00484
133.6,-0.004836
133.7,-0.00484
133.8,-0.004836
133.9,-0.004841
134,-0.004836
134.1,-0.004838
134.2,-0.004838
134.3,-0.004836
134.4,-0.00484
134.5,-0.004835
134.6,-0.004839
134.7,-0.004836
134.8,-0.004839
134.9,-0.004838
135,-0.004837
135.1,-0.004839
135.2,-0.004835
135.3,-0.004841
135.4,-0.004837
135.5,-0.004839
135.6,-0.004837
135.7,-0.004838
135.8,-0.004839
135.9,-0.004837
136,-0.004841
136.1,-0.004836
136.2,-0.004842
136.3,-0.004837
136.4,-0.004838
136.5,-0.004838
136.6,-0.004836
136.7,-0.00484
136.8,-0.004835
136.9,-0.00484
137,-0.004836
137.1,-0.004838
137.2,-0.004837
137.3,-0.004836
137.4,-0.004838
137.5,-0.004835
137.6,-0.00484
137.7,-0.004837
137.8,-0.004841
137.9,-0.004838
138,-0.004838
138.1,-0.004838
138.2,-0.004835
138.3,-0.00484
138.4,-0.004836
138.5,-0.004841
138.6,-0.004838
138.7,-0.004841
138.8,-0.004839
138.9,-0.004838
139,-0.004841
139.1,-0.004836
139.2,-0.004843
139.3,-0.00484
139.4,-0.004843
139.5,-0.004841
139.6,-0.004842
139.7,-0.004844
139.8,-0.00484
139.9,-0.004843
140,-0.00484
140.1,-0.004845
140.2,-0.004844
140.3,-0.004847
140.4,-0.004846
140.5,-0.004847
140.6,-0.004852
140.7,-0.004848
140.8,-0.00485
140.9,-0.004847
141,-0.00485
141.1,-0.004848
141.2,-0.004847
141.3,-0.004853
141.4,-0.004881
141.5,-0.004889
141.6,-0.004872
141.7,-0.004862
141.8,-0.004854
141.9,-0.00485
142,-0.004848
142.1,-0.004843
142.2,-0.004846
142.3,-0.004843
142.4,-0.004846
142.5,-0.004844
142.6,-0.004846
142.7,-0.004845
142.8,-0.004843
142.9,-0.004846
143,-0.004841
143.1,-0.004846
143.2,-0.004841
143.3,-0.004843
143.4,-0.00484
143.5,-0.004841
143.6,-0.004841
143.7,-0.004838
143.8,-0.004842
143.9,-0.004838
144,-0.004842
144.1,-0.004841
144.2,-0.004842
144.3,-0.004843
144.4,-0.004841
144.5,-0.004846
144.6,-0.004842
144.7,-0.004847
144.8,-0.004843
144.9,-0.004847
145,-0.004845
145.1,-0.004846
145.2,-0.004846
145.3,-0.004843
145.4,-0.004849
145.5,-0.004846
145.6,-0.004849
145.7,-0.004846
145.8,-0.004848
145.9,-0.004848
146,-0.004845
146.1,-0.004849
146.2,-0.004845
146.3,-0.00485
146.4,-0.004847
146.5,-0.004849
146.6,-0.004848
146.7,-0.004847
146.8,-0.00485
146.9,-0.004847
147,-0.00485
147.1,-0.004847
147.2,-0.00485
147.3,-0.004849
147.4,-0.004849
147.5,-0.00485
147.6,-0.004847
147.7,-0.004853
147.8,-0.00485
147.9,-0.004854
148,-0.004851
148.1,-0.004852
148.2,-0.004851
148.3,-0.004848
148.4,-0.004851
148.5,-0.004847
148.6,-0.004851
148.7,-0.00485
148.8,-0.004862
148.9,-0.004872
149,-0.004872
149.1,-0.00487
149.2,-0.004863
149.3,-0.004863
149.4,-0.004856
149.5,-0.004858
149.6,-0.004854
149.7,-0.004853
149.8,-0.004853
149.9,-0.004849
150,-0.004853
150.1,-0.004848
150.2,-0.004852
150.3,-0.004849
150.4,-0.004852
150.5,-0.004852
150.6,-0.004849
150.7,-0.004852
150.8,-0.004847
150.9,-0.004851
151,-0.00485
151.1,-0.004881
151.2,-0.004877
151.3,-0.004867
151.4,-0.00486
151.5,-0.004852
151.6,-0.004853
151.7,-0.004847
151.8,-0.00485
151.9,-0.004846
152,-0.004847
152.1,-0.004844
152.2,-0.004843
152.3,-0.004847
152.4,-0.004845
152.5,-0.004849
152.6,-0.004845
152.7,-0.004848
152.8,-0.004846
152.9,-0.004846
153,-0.004847
153.1,-0.004844
153.2,-0.00485
153.3,-0.004846
153.4,-0.00485
153.5,-0.004848
153.6,-0.00485
153.7,-0.00485
153.8,-0.004847
153.9,-0.004851
154,-0.004849
154.1,-0.004853
154.2,-0.004851
154.3,-0.004853
154.4,-0.004851
154.5,-0.004849
154.6,-0.00485
154.7,-0.004845
154.8,-0.00485
154.9,-0.004847
155,-0.00485
155.1,-0.004848
155.2,-0.004849
155.3,-0.004849
155.4,-0.004845
155.5,-0.004849
155.6,-0.004844
155.7,-0.004849
155.8,-0.004846
155.9,-0.004849
156,-0.004849
156.1,-0.004846
156.2,-0.004851
156.3,-0.004847
156.4,-0.004852
156.5,-0.004848
156.6,-0.004851
156.7,-0.004849
156.8,-0.00485
156.9,-0.004851
157,-0.004848
157.1,-0.004852
157.2,-0.004848
157.3,-0.004853
157.4,-0.004849
157.5,-0.004851
157.6,-0.004851
157.7,-0.004848
157.8,-0.004852
157.9,-0.004847
158,-0.004851
158.1,-0.004848
158.2,-0.004852
158.3,-0.00485
158.4,-0.004848
158.5,-0.004851
158.6,-0.004846
158.7,-0.004852
158.8,-0.004848
158.9,-0.004851
159,-0.004849
159.1,-0.00485
159.2,-0.00485
159.3,-0.004848
159.4,-0.004853
159.5,-0.004848
159.6,-0.004851
159.7,-0.004849
159.8,-0.004851
159.9,-0.00485
160,-0.004848
160.1,-0.00485
160.2,-0.004846
160.3,-0.004851
160.4,-0.004847
160.5,-0.00485
160.6,-0.004849
160.7,-0.004849
160.8,-0.00485
160.9,-0.004846
161,-0.004851
161.1,-0.004847
161.2,-0.004851
161.3,-0.004849
161.4,-0.00485
161.5,-0.004849
161.6,-0.004847
161.7,-0.004851
161.8,-0.004846
161.9,-0.004851
162,-0.004851
162.1,-0.004852
162.2,-0.004854
162.3,-0.004853
162.4,-0.004855
162.5,-0.00485
162.6,-0.004853
162.7,-0.004849
162.8,-0.004852
162.9,-0.00485
163,-0.00485
163.1,-0.004851
163.2,-0.004849
163.3,-0.004853
163.4,-0.004848
163.5,-0.004853
163.6,-0.004851
163.7,-0.004852
163.8,-0.004851
163.9,-0.004849
164,-0.004852
164.1,-0.004849
164.2,-0.004853
164.3,-0.004848
164.4,-0.004852
164.5,-0.00485
164.6,-0.00485
164.7,-0.004851
164.8,-0.004848
164.9,-0.004853
165,-0.004849
165.1,-0.004853
165.2,-0.004849
165.3,-0.004851
165.4,-0.004855
165.5,-0.004856
165.6,-0.00486
165.7,-0.004856
165.8,-0.00486
165.9,-0.004855
166,-0.004858
166.1,-0.004854
166.2,-0.004853
166.3,-0.004854
166.4,-0.004851
166.5,-0.004854
166.6,-0.004851
166.7,-0.004853
166.8,-0.004849
166.9,-0.004851
167,-0.004851
167.1,-0.004849
167.2,-0.004852
167.3,-0.004848
167.4,-0.004853
167.5,-0.00485
167.6,-0.004854
167.7,-0.004852
167.8,-0.00485
167.9,-0.004852
168,-0.004849
168.1,-0.004854
168.2,-0.004852
168.3,-0.004854
168.4,-0.004853
168.5,-0.004853
168.6,-0.004853
168.7,-0.004849
168.8,-0.004854
168.9,-0.004851
169,-0.004855
169.1,-0.004853
169.2,-0.004853
169.3,-0.004853
169.4,-0.004851
169.5,-0.004854
169.6,-0.00485
169.7,-0.004853
169.8,-0.004851
169.9,-0.004852
170,-0.004852
170.1,-0.004851
170.2,-0.004852
170.3,-0.00485
170.4,-0.004853
170.5,-0.004849
170.6,-0.004853
170.7,-0.004851
170.8,-0.004854
170.9,-0.004853
171,-0.004851
171.1,-0.004855
171.2,-0.004853
171.3,-0.004856
171.4,-0.004853
171.5,-0.004856
171.6,-0.004855
171.7,-0.004854
171.8,-0.004857
171.9,-0.004853
172,-0.004857
172.1,-0.004854
172.2,-0.004857
172.3,-0.004855
172.4,-0.004856
172.5,-0.004856
172.6,-0.004853
172.7,-0.004857
172.8,-0.004853
172.9,-0.004857
173,-0.004855
173.1,-0.004857
173.2,-0.004856
173.3,-0.004854
173.4,-0.004858
173.5,-0.004855
173.6,-0.004857
173.7,-0.004854
173.8,-0.004858
173.9,-0.004855
174,-0.004855
174.1,-0.004858
174.2,-0.004855
174.3,-0.004861
174.4,-0.004857
174.5,-0.00486
174.6,-0.004857
174.7,-0.004859
174.8,-0.004858
174.9,-0.004859
175,-0.004868
175.1,-0.004861
175.2,-0.004862
175.3,-0.004856
175.4,-0.004857
175.5,-0.004855
175.6,-0.004854
175.7,-0.004857
175.8,-0.004853
175.9,-0.004858
176,-0.004855
176.1,-0.004857
176.2,-0.004856
176.3,-0.004856
176.4,-0.004858
176.5,-0.004855
176.6,-0.004859
176.7,-0.004856
176.8,-0.00486
176.9,-0.004857
177,-0.004859
177.1,-0.004858
177.2,-0.004855
177.3,-0.00486
177.4,-0.004856
177.5,-0.004859
177.6,-0.004857
177.7,-0.00486
177.8,-0.004858
177.9,-0.004857
178,-0.004859
178.1,-0.004854
178.2,-0.004859
178.3,-0.004856
178.4,-0.00486
178.5,-0.004858
178.6,-0.00486
178.7,-0.004861
178.8,-0.00486
178.9,-0.004864
179,-0.00486
179.1,-0.004864
179.2,-0.00486
179.3,-0.004863
179.4,-0.004861
179.5,-0.004862
179.6,-0.004863
179.7,-0.00486
179.8,-0.004864
179.9,-0.004861
180,-0.004864
180.1,-0.004862
180.2,-0.004863
180.3,-0.004865
180.4,-0.004862
180.5,-0.004867
180.6,-0.004864
180.7,-0.004867
180.8,-0.004863
180.9,-0.004866
181,-0.004864
181.1,-0.004862
181.2,-0.004865
181.3,-0.004861
181.4,-0.004866
181.5,-0.004863
181.6,-0.004865
181.7,-0.004863
181.8,-0.004862
181.9,-0.004865
182,-0.004861
182.1,-0.004866
182.2,-0.004863
182.3,-0.004867
182.4,-0.004865
182.5,-0.004866
182.6,-0.004864
182.7,-0.00486
182.8,-0.004864
182.9,-0.004861
183,-0.004865
183.1,-0.004864
183.2,-0.004866
183.3,-0.004865
183.4,-0.004862
183.5,-0.004865
183.6,-0.004861
183.7,-0.004866
183.8,-0.004864
183.9,-0.004867
184,-0.004866
184.1,-0.004867
184.2,-0.004865
184.3,-0.004861
184.4,-0.004865
184.5,-0.004861
184.6,-0.004866
184.7,-0.004864
184.8,-0.004865
184.9,-0.004865
185,-0.004862
185.1,-0.004866
185.2,-0.004861
185.3,-0.004867
185.4,-0.004864
185.5,-0.004867
185.6,-0.004866
185.7,-0.004874
185.8,-0.004883
185.9,-0.004873
186,-0.004873
186.1,-0.004865
186.2,-0.004868
186.3,-0.004865
186.4,-0.004865
186.5,-0.004866
186.6,-0.004864
186.7,-0.004866
186.8,-0.004861
186.9,-0.004866
187,-0.004863
187.1,-0.004866
187.2,-0.004864
187.3,-0.004865
187.4,-0.004868
187.5,-0.004864
187.6,-0.004866
187.7,-0.004862
187.8,-0.004866
187.9,-0.004864
188,-0.004867
188.1,-0.004869
188.2,-0.004868
188.3,-0.004871
188.4,-0.004866
188.5,-0.004871
188.6,-0.004866
188.7,-0.004869
188.8,-0.004867
188.9,-0.004867
189,-0.004872
189.1,-0.004868
189.2,-0.00487
189.3,-0.004866
189.4,-0.004869
189.5,-0.004871
189.6,-0.004871
189.7,-0.00487
189.8,-0.004866
189.9,-0.00487
190,-0.004866
190.1,-0.004869
190.2,-0.004864
190.3,-0.004868
190.4,-0.004867
190.5,-0.004864
190.6,-0.004869
190.7,-0.004866
190.8,-0.004871
190.9,-0.004867
191,-0.00487
191.1,-0.004867
191.2,-0.004866
191.3,-0.004868
191.4,-0.004864
191.5,-0.004871
191.6,-0.004866
191.7,-0.004871
191.8,-0.004868
191.9,-0.00487
192,-0.004871
192.1,-0.004867
192.2,-0.004873
192.3,-0.00487
192.4,-0.004875
192.5,-0.004871
192.6,-0.004874
192.7,-0.004872
192.8,-0.004869
192.9,-0.004872
193,-0.004866
193.1,-0.004872
193.2,-0.004867
193.3,-0.00487
193.4,-0.004869
193.5,-0.00487
193.6,-0.004871
193.7,-0.004866
193.8,-0.004872
193.9,-0.004866
194,-0.004871
194.1,-0.004867
194.2,-0.004869
194.3,-0.00487
194.4,-0.004868
194.5,-0.004872
194.6,-0.004864
194.7,-0.00487
194.8,-0.004866
194.9,-0.004869
195,-0.004868
195.1,-0.004869
195.2,-0.004877
195.3,-0.00487
195.4,-0.004875
195.5,-0.004869
195.6,-0.004873
195.7,-0.00487
195.8,-0.00487
195.9,-0.004871
196,-0.004868
196.1,-0.004875
196.2,-0.004871
196.3,-0.004877
196.4,-0.004873
196.5,-0.004876
196.6,-0.004875
196.7,-0.00487
196.8,-0.004875
196.9,-0.00487
197,-0.004875
197.1,-0.00487
197.2,-0.004876
197.3,-0.004873
197.4,-0.004873
197.5,-0.004876
197.6,-0.004869
197.7,-0.004876
197.8,-0.004871
197.9,-0.004876
198,-0.004873
198.1,-0.004876
198.2,-0.004876
198.3,-0.00487
198.4,-0.004876
198.5,-0.004869
198.6,-0.004874
198.7,-0.004868
198.8,-0.004873
198.9,-0.004872
199,-0.004871
199.1,-0.004873
199.2,-0.004868
199.3,-0.004875
199.4,-0.004869
199.5,-0.004874
199.6,-0.004871
199.7,-0.004872
199.8,-0.004875
199.9,-0.004871
200,-0.004876
200.1,-0.004868
200.2,-0.004876
200.3,-0.004871
200.4,-0.004872
200.5,-0.004871
200.6,-0.004868
200.7,-0.004873
200.8,-0.004868
200.9,-0.004875
201,-0.004869
201.1,-0.004874
201.2,-0.004872
201.3,-0.004871
201.4,-0.004873
201.5,-0.004868
201.6,-0.004875
201.7,-0.004869
201.8,-0.004875
201.9,-0.00487
202,-0.004874
202.1,-0.004872
202.2,-0.004867
202.3,-0.004872
202.4,-0.004865
202.5,-0.004873
202.6,-0.004868
202.7,-0.004874
202.8,-0.00487
202.9,-0.00487
203,-0.004873
203.1,-0.004867
203.2,-0.004872
203.3,-0.004866
203.4,-0.004873
203.5,-0.004868
203.6,-0.004872
203.7,-0.004871
203.8,-0.004867
203.9,-0.004873
204,-0.004866
204.1,-0.004871
204.2,-0.004866
204.3,-0.00487
204.4,-0.00487
204.5,-0.004868
204.6,-0.004872
204.7,-0.004866
204.8,-0.004872
204.9,-0.004866
205,-0.004869
205.1,-0.004867
205.2,-0.004868
205.3,-0.004869
205.4,-0.004864
205.5,-0.004872
205.6,-0.004865
205.7,-0.00487
205.8,-0.004865
205.9,-0.004868
206,-0.004868
206.1,-0.004864
206.2,-0.004871
206.3,-0.004865
206.4,-0.004872
206.5,-0.004867
206.6,-0.004873
206.7,-0.00487
206.8,-0.004867
206.9,-0.00487
207,-0.004864
207.1,-0.004871
207.2,-0.004867
207.3,-0.004873
207.4,-0.004869
207.5,-0.00487
207.6,-0.00487
207.7,-0.004866
207.8,-0.004872
207.9,-0.004866
208,-0.004874
208.1,-0.00487
208.2,-0.004874
208.3,-0.004871
208.4,-0.004868
208.5,-0.004872
208.6,-0.004866
208.7,-0.004873
208.8,-0.004867
208.9,-0.004874
209,-0.00487
209.1,-0.004872
209.2,-0.004872
209.3,-0.004866
209.4,-0.004871
209.5,-0.004866
209.6,-0.004872
209.7,-0.004869
209.8,-0.004872
209.9,-0.004872
210,-0.00487
210.1,-0.004873
210.2,-0.004868
210.3,-0.004873
210.4,-0.004869
210.5,-0.004872
210.6,-0.00487
210.7,-0.00487
210.8,-0.004872
210.9,-0.004868
211,-0.004873
211.1,-0.004868
211.2,-0.004872
211.3,-0.004868
211.4,-0.00487
211.5,-0.004871
211.6,-0.004868
211.7,-0.004873
211.8,-0.004868
211.9,-0.004874
212,-0.00487
212.1,-0.004871
212.2,-0.00487
212.3,-0.004868
212.4,-0.004874
212.5,-0.004869
212.6,-0.004874
212.7,-0.004869
212.8,-0.004876
212.9,-0.004871
213,-0.00487
213.1,-0.004871
213.2,-0.004866
213.3,-0.004874
213.4,-0.004869
213.5,-0.004874
213.6,-0.004871
213.7,-0.004872
213.8,-0.004872
213.9,-0.004866
214,-0.004873
214.1,-0.004867
214.2,-0.004874
214.3,-0.004869
214.4,-0.004874
214.5,-0.004871
214.6,-0.00487
214.7,-0.004869
214.8,-0.004865
214.9,-0.004872
215,-0.004868
215.1,-0.004874
215.2,-0.00487
215.3,-0.004873
215.4,-0.004873
215.5,-0.004869
215.6,-0.004872
215.7,-0.004867
215.8,-0.004874
215.9,-0.00487
216,-0.004875
216.1,-0.004871
216.2,-0.004871
216.3,-0.004872
216.4,-0.004866
216.5,-0.004873
216.6,-0.004868
216.7,-0.004874
216.8,-0.00487
216.9,-0.004872
217,-0.004873
217.1,-0.004869
217.2,-0.004874
217.3,-0.004868
217.4,-0.004874
217.5,-0.00487
217.6,-0.004874
217.7,-0.004873
217.8,-0.004871
217.9,-0.004875
218,-0.004868
218.1,-0.004873
218.2,-0.004868
218.3,-0.004873
218.4,-0.004872
218.5,-0.004872
218.6,-0.004873
218.7,-0.004869
218.8,-0.004874
218.9,-0.004868
219,-0.004875
219.1,-0.004873
219.2,-0.004875
219.3,-0.004874
219.4,-0.004869
219.5,-0.004873
219.6,-0.004868
219.7,-0.004873
219.8,-0.004867
219.9,-0.004871
220,-0.004869
220.1,-0.00487
220.2,-0.004872
220.3,-0.004867
220.4,-0.004874
220.5,-0.004869
220.6,-0.004872
220.7,-0.004869
220.8,-0.00487
220.9,-0.004872
221,-0.004867
221.1,-0.004873
221.2,-0.004867
221.3,-0.004873
221.4,-0.004868
221.5,-0.00487
221.6,-0.004871
221.7,-0.004867
221.8,-0.004873
221.9,-0.004867
222,-0.004873
222.1,-0.004868
222.2,-0.004873
222.3,-0.00487
222.4,-0.004869
222.5,-0.004872
222.6,-0.004868
222.7,-0.004875
222.8,-0.004868
222.9,-0.004873
223,-0.004869
223.1,-0.004871
223.2,-0.004871
223.3,-0.004866
223.4,-0.004873
223.5,-0.004867
223.6,-0.004873
223.7,-0.004868
223.8,-0.004873
223.9,-0.00487
224,-0.004869
224.1,-0.004872
224.2,-0.004865
224.3,-0.004873
224.4,-0.004868
224.5,-0.004875
224.6,-0.004869
224.7,-0.004872
224.8,-0.004872
224.9,-0.004868
225,-0.004875
225.1,-0.004869
225.2,-0.004876
225.3,-0.004871
225.4,-0.004876
225.5,-0.004873
225.6,-0.004871
225.7,-0.004876
225.8,-0.00487
225.9,-0.004877
226,-0.00487
226.1,-0.004876
226.2,-0.004873
226.3,-0.004875
226.4,-0.004876
226.5,-0.00487
226.6,-0.004877
226.7,-0.004871
226.8,-0.004877
226.9,-0.004875
227,-0.004877
227.1,-0.004878
227.2,-0.004874
227.3,-0.004879
227.4,-0.004874
227.5,-0.004881
227.6,-0.004876
227.7,-0.004879
227.8,-0.004878
227.9,-0.004876
228,-0.00488
228.1,-0.004874
228.2,-0.00488
228.3,-0.004874
228.4,-0.004879
228.5,-0.004876
228.6,-0.004878
228.7,-0.004879
228.8,-0.004875
228.9,-0.00488
229,-0.004873
229.1,-0.00488
229.2,-0.004876
229.3,-0.00488
229.4,-0.00488
229.5,-0.004877
229.6,-0.004882
229.7,-0.004876
229.8,-0.004882
229.9,-0.004878
230,-0.004883
230.1,-0.00488
230.2,-0.004879
230.3,-0.004882
230.4,-0.004877
230.5,-0.004885
230.6,-0.004879
230.7,-0.004884
230.8,-0.004881
230.9,-0.004882
231,-0.004883
231.1,-0.004878
231.2,-0.004884
231.3,-0.004878
231.4,-0.004885
231.5,-0.00488
231.6,-0.004884
231.7,-0.004884
231.8,-0.004881
231.9,-0.004884
232,-0.004879
232.1,-0.004885
232.2,-0.004881
232.3,-0.004886
232.4,-0.004882
232.5,-0.004883
232.6,-0.004885
232.7,-0.00488
232.8,-0.004886
232.9,-0.004881
233,-0.004886
233.1,-0.004881
233.2,-0.004884
233.3,-0.004884
233.4,-0.004881
233.5,-0.004886
233.6,-0.004881
233.7,-0.004886
233.8,-0.004882
233.9,-0.004887
234,-0.004885
234.1,-0.004884
234.2,-0.004886
234.3,-0.004881
234.4,-0.004886
234.5,-0.004884
234.6,-0.004887
234.7,-0.004884
234.8,-0.004886
234.9,-0.004886
235,-0.004883
235.1,-0.004887
235.2,-0.004879
235.3,-0.004886
235.4,-0.004883
235.5,-0.004886
235.6,-0.004885
235.7,-0.004882
235.8,-0.004887
235.9,-0.004881
236,-0.004887
236.1,-0.004881
236.2,-0.004886
236.3,-0.004883
236.4,-0.004885
236.5,-0.004885
236.6,-0.004882
236.7,-0.004888
236.8,-0.004882
236.9,-0.004888
237,-0.004883
237.1,-0.004885
237.2,-0.004885
237.3,-0.004883
237.4,-0.004887
237.5,-0.004881
237.6,-0.004889
237.7,-0.004883
237.8,-0.004887
237.9,-0.004884
238,-0.004884
238.1,-0.004885
238.2,-0.00488
238.3,-0.004887
238.4,-0.004881
238.5,-0.004886
238.6,-0.004881
238.7,-0.004883
238.8,-0.004883
238.9,-0.00488
239,-0.004886
239.1,-0.00488
239.2,-0.004888
239.3,-0.004883
239.4,-0.004885
239.5,-0.004882
239.6,-0.00488
239.7,-0.004885
239.8,-0.004881
239.9,-0.004886
240,-0.00488
240.1,-0.004886
240.2,-0.004882
240.3,-0.004884
240.4,-0.004882
240.5,-0.004876
240.6,-0.004884
240.7,-0.004878
240.8,-0.004884
240.9,-0.00488
241,-0.004883
241.1,-0.004882
241.2,-0.004878
241.3,-0.004883
241.4,-0.004877
241.5,-0.004884
241.6,-0.004879
241.7,-0.004884
241.8,-0.004883
241.9,-0.004882
242,-0.004883
242.1,-0.004876
242.2,-0.004884
242.3,-0.004879
242.4,-0.004884
242.5,-0.004882
242.6,-0.004884
242.7,-0.004884
242.8,-0.004879
242.9,-0.004885
243,-0.004878
243.1,-0.004885
243.2,-0.004881
243.3,-0.004885
243.4,-0.004884
243.5,-0.004882
243.6,-0.004885
243.7,-0.004879
243.8,-0.004885
243.9,-0.00488
244,-0.004884
244.1,-0.004881
244.2,-0.004883
244.3,-0.004884
244.4,-0.004878
244.5,-0.004884
244.6,-0.004877
244.7,-0.004883
244.8,-0.00488
244.9,-0.004883
245,-0.004883
245.1,-0.00488
245.2,-0.004884
245.3,-0.004878
245.4,-0.004884
245.5,-0.004879
245.6,-0.004883
245.7,-0.004882
245.8,-0.004882
245.9,-0.004885
246,-0.004879
246.1,-0.004886
246.2,-0.004881
246.3,-0.004885
246.4,-0.004884
246.5,-0.004885
246.6,-0.004887
246.7,-0.004882
246.8,-0.004887
246.9,-0.00488
247,-0.004887
247.1,-0.004882
247.2,-0.004886
247.3,-0.004885
247.4,-0.004882
247.5,-0.004887
247.6,-0.004881
247.7,-0.004888
247.8,-0.004882
247.9,-0.004886
248,-0.004884
248.1,-0.004886
248.2,-0.004889
248.3,-0.004883
248.4,-0.00489
248.5,-0.004883
248.6,-0.004888
248.7,-0.004884
248.8,-0.004887
248.9,-0.004886
249,-0.004883
249.1,-0.004888
249.2,-0.004883
249.3,-0.004889
249.4,-0.004884
249.5,-0.004889
249.6,-0.004887
249.7,-0.004886
249.8,-0.004889
249.9,-0.004884
250,-0.00489
250.1,-0.004884
250.2,-0.00489
250.3,-0.004885
250.4,-0.004888
250.5,-0.004888
250.6,-0.004883
250.7,-0.004889
250.8,-0.004884
250.9,-0.00489
251,-0.004885
251.1,-0.004889
251.2,-0.004887
251.3,-0.004885
251.4,-0.004889
251.5,-0.004883
251.6,-0.004891
251.7,-0.004886
251.8,-0.004891
251.9,-0.004888
252,-0.00489
252.1,-0.004891
252.2,-0.004886
252.3,-0.004892
252.4,-0.004886
252.5,-0.004893
252.6,-0.004889
252.7,-0.004892
252.8,-0.004893
252.9,-0.004889
253,-0.004893
253.1,-0.004887
253.2,-0.004893
253.3,-0.004889
253.4,-0.004893
253.5,-0.004891
253.6,-0.004891
253.7,-0.004892
253.8,-0.004886
253.9,-0.004892
254,-0.004887
254.1,-0.004892
254.2,-0.004889
254.3,-0.004891
254.4,-0.004892
254.5,-0.004888
254.6,-0.004893
254.7,-0.004886
254.8,-0.004893
254.9,-0.00489
255,-0.004893
255.1,-0.004893
255.2,-0.004892
255.3,-0.004895
255.4,-0.004888
255.5,-0.004894
255.6,-0.004888
255.7,-0.004893
255.8,-0.004891
255.9,-0.004891
256,-0.004892
256.1,-0.004888
256.2,-0.004893
256.3,-0.004886
256.4,-0.004893
256.5,-0.004888
256.6,-0.004892
256.7,-0.004892
256.8,-0.004888
256.9,-0.004894
257,-0.004888
257.1,-0.004894
257.2,-0.004888
257.3,-0.004893
257.4,-0.004891
257.5,-0.00489
257.6,-0.004892
257.7,-0.004886
257.8,-0.004893
257.9,-0.004887
258,-0.004892
258.1,-0.004888
258.2,-0.00489
258.3,-0.004893
258.4,-0.004887
258.5,-0.004894
258.6,-0.004888
258.7,-0.004893
258.8,-0.004888
258.9,-0.004893
259,-0.004891
259.1,-0.00489
259.2,-0.004893
259.3,-0.004886
259.4,-0.004894
259.5,-0.004889
259.6,-0.004894
259.7,-0.004891
259.8,-0.004892
259.9,-0.004894
260,-0.004888
260.1,-0.004895
260.2,-0.00489
260.3,-0.004897
260.4,-0.004893
260.5,-0.004895
260.6,-0.004894
260.7,-0.004891
260.8,-0.004895
260.9,-0.004888
261,-0.004896
261.1,-0.00489
261.2,-0.004894
261.3,-0.004893
261.4,-0.004893
261.5,-0.004895
261.6,-0.004888
261.7,-0.004897
261.8,-0.00489
261.9,-0.004895
262,-0.004891
262.1,-0.004894
262.2,-0.004895
262.3,-0.00489
262.4,-0.004896
262.5,-0.004888
262.6,-0.004894
262.7,-0.004889
262.8,-0.004893
262.9,-0.004892
263,-0.00489
263.1,-0.004895
263.2,-0.004888
263.3,-0.004895
263.4,-0.004889
263.5,-0.004895
263.6,-0.004891
263.7,-0.004893
263.8,-0.004894
263.9,-0.004888
264,-0.004894
264.1,-0.004887
264.2,-0.004894
264.3,-0.004888
264.4,-0.004892
264.5,-0.004892
264.6,-0.004889
264.7,-0.004893
264.8,-0.004886
264.9,-0.004893
265,-0.004886
265.1,-0.004893
265.2,-0.00489
265.3,-0.004891
265.4,-0.004892
265.5,-0.004888
265.6,-0.004894
265.7,-0.004887
265.8,-0.004894
265.9,-0.004888
266,-0.004892
266.1,-0.004892
266.2,-0.004887
266.3,-0.004893
266.4,-0.004887
266.5,-0.004893
266.6,-0.004889
266.7,-0.004894
266.8,-0.004892
266.9,-0.004891
267,-0.004894
267.1,-0.004888
267.2,-0.004895
267.3,-0.004889
267.4,-0.004895
267.5,-0.004892
267.6,-0.004893
267.7,-0.004894
267.8,-0.004889
267.9,-0.004894
268,-0.004888
268.1,-0.004895
268.2,-0.004891
268.3,-0.004895
268.4,-0.004894
268.5,-0.004892
268.6,-0.004895
268.7,-0.004889
268.8,-0.004895
268.9,-0.004889
269,-0.004895
269.1,-0.004892
269.2,-0.004893
269.3,-0.004894
269.4,-0.004889
269.5,-0.004895
269.6,-0.004888
269.7,-0.004894
269.8,-0.00489
269.9,-0.004894
270,-0.004893
270.1,-0.00489
270.2,-0.004895
270.3,-0.004889
270.4,-0.004895
270.5,-0.004891
270.6,-0.004894
270.7,-0.004893
270.8,-0.004892
270.9,-0.004894
271,-0.004887
271.1,-0.004895
271.2,-0.004889
271.3,-0.004894
271.4,-0.00489
271.5,-0.004893
271.6,-0.004893
271.7,-0.004889
271.8,-0.004895
271.9,-0.004889
272,-0.004895
272.1,-0.004891
272.2,-0.004894
272.3,-0.004894
272.4,-0.004892
272.5,-0.004896
272.6,-0.00489
272.7,-0.004896
272.8,-0.00489
272.9,-0.004896
273,-0.004892
273.1,-0.004893
273.2,-0.004894
273.3,-0.00489
273.4,-0.004896
273.5,-0.00489
273.6,-0.004896
273.7,-0.004891
273.8,-0.004895
273.9,-0.004894
274,-0.004891
274.1,-0.004896
274.2,-0.00489
274.3,-0.004897
274.4,-0.004891
274.5,-0.004896
274.6,-0.004894
274.7,-0.004894
274.8,-0.004896
274.9,-0.004891
275,-0.004898
275.1,-0.004892
275.2,-0.004898
275.3,-0.004894
275.4,-0.004897
275.5,-0.004897
275.6,-0.004894
275.7,-0.004898
275.8,-0.004894
275.9,-0.004899
276,-0.004896
276.1,-0.0049
276.2,-0.004896
276.3,-0.004896
276.4,-0.004899
276.5,-0.004894
276.6,-0.0049
276.7,-0.004896
276.8,-0.0049
276.9,-0.004897
277,-0.004899
277.1,-0.004899
277.2,-0.004895
277.3,-0.0049
277.4,-0.004896
277.5,-0.004901
277.6,-0.004897
277.7,-0.004901
277.8,-0.004899
277.9,-0.004897
278,-0.0049
278.1,-0.004895
278.2,-0.0049
278.3,-0.004897
278.4,-0.004901
278.5,-0.004899
278.6,-0.004899
278.7,-0.004901
278.8,-0.004899
278.9,-0.004904
279,-0.004899
279.1,-0.004902
279.2,-0.004899
279.3,-0.004901
279.4,-0.0049
279.5,-0.004898
279.6,-0.004902
279.7,-0.004896
279.8,-0.004901
279.9,-0.004897
280,-0.004901
280.1,-0.004899
280.2,-0.004899
280.3,-0.004902
280.4,-0.004897
280.5,-0.004902
280.6,-0.004898
280.7,-0.004902
280.8,-0.0049
280.9,-0.004902
281,-0.004902
281.1,-0.004899
281.2,-0.004903
281.3,-0.004899
281.4,-0.004903
281.5,-0.004899
281.6,-0.004902
281.7,-0.0049
281.8,-0.004899
281.9,-0.004901
282,-0.004898
282.1,-0.004903
282.2,-0.004899
282.3,-0.004903
282.4,-0.004901
282.5,-0.004902
282.6,-0.004903
282.7,-0.0049
282.8,-0.004904
282.9,-0.0049
283,-0.004905
283.1,-0.0049
283.2,-0.004902
283.3,-0.004902
283.4,-0.0049
283.5,-0.004903
283.6,-0.0049
283.7,-0.004905
283.8,-0.004901
283.9,-0.004904
284,-0.004903
284.1,-0.004902
284.2,-0.004903
284.3,-0.004901
284.4,-0.004905
284.5,-0.004902
284.6,-0.004906
284.7,-0.004903
284.8,-0.004904
284.9,-0.004903
285,-0.004902
285.1,-0.004906
285.2,-0.004902
285.3,-0.004906
285.4,-0.004903
285.5,-0.004906
285.6,-0.004905
285.7,-0.004902
285.8,-0.004905
285.9,-0.004902
286,-0.004906
286.1,-0.004903
286.2,-0.004907
286.3,-0.004904
286.4,-0.004905
286.5,-0.004906
286.6,-0.004902
286.7,-0.004906
286.8,-0.004902
286.9,-0.004906
287,-0.004904
287.1,-0.004906
287.2,-0.004906
287.3,-0.004903
287.4,-0.004907
287.5,-0.004902
287.6,-0.004908
287.7,-0.004904
287.8,-0.004908
287.9,-0.004907
288,-0.004907
288.1,-0.004908
288.2,-0.004904
288.3,-0.004908
288.4,-0.004904
288.5,-0.004908
288.6,-0.004906
288.7,-0.004908
288.8,-0.004908
288.9,-0.004905
289,-0.00491
289.1,-0.004904
289.2,-0.004909
289.3,-0.004905
289.4,-0.004908
289.5,-0.004907
289.6,-0.004906
289.7,-0.004909
289.8,-0.004904
289.9,-0.004909
290,-0.004905
290.1,-0.004908
290.2,-0.004906
290.3,-0.004906
290.4,-0.004909
290.5,-0.004905
290.6,-0.00491
290.7,-0.004905
290.8,-0.00491
290.9,-0.004906
291,-0.004908
291.1,-0.004909
291.2,-0.004906
291.3,-0.004911
291.4,-0.004906
291.5,-0.004911
291.6,-0.004907
291.7,-0.00491
291.8,-0.004908
291.9,-0.004907
292,-0.00491
292.1,-0.004907
292.2,-0.004912
292.3,-0.004908
292.4,-0.004912
292.5,-0.004909
292.6,-0.004909
292.7,-0.00491
292.8,-0.004907
292.9,-0.004912
293,-0.004908
293.1,-0.004912
293.2,-0.00491
293.3,-0.004912
293.4,-0.004911
293.5,-0.004909
293.6,-0.004911
293.7,-0.004908
293.8,-0.004913
293.9,-0.004909
294,-0.004912
294.1,-0.004911
294.2,-0.00491
294.3,-0.004912
294.4,-0.004908
294.5,-0.004914
294.6,-0.004921
294.7,-0.004927
294.8,-0.00492
294.9,-0.004917
295,-0.004914
295.1,-0.00491
295.2,-0.004912
295.3,-0.004907
295.4,-0.004912
295.5,-0.004909
295.6,-0.004912
295.7,-0.004912
295.8,-0.00491
295.9,-0.004912
296,-0.004908
296.1,-0.004914
296.2,-0.00491
296.3,-0.004913
296.4,-0.004911
296.5,-0.004912
296.6,-0.004914
296.7,-0.00491
296.8,-0.004915
296.9,-0.00491
297,-0.004915
297.1,-0.004912
297.2,-0.004915
297.3,-0.004914
297.4,-0.004912
297.5,-0.004916
297.6,-0.004911
297.7,-0.004916
297.8,-0.004912
297.9,-0.004915
298,-0.004915
298.1,-0.004915
298.2,-0.004917
298.3,-0.004914
298.4,-0.004919
298.5,-0.004915
298.6,-0.004919
298.7,-0.004917
298.8,-0.004918
298.9,-0.004919
299,-0.004915
299.1,-0.00492
299.2,-0.004915
299.3,-0.004921
299.4,-0.004917
299.5,-0.004919
299.6,-0.004919
299.7,-0.004918
299.8,-0.004921
299.9,-0.004917
300,-0.004922
